id,floor,apartment,firstLine,secondline,latitude,longitude,districtId,cityId,zoneId,countryId
1,7,37,"76346 W 1st Street, Howeboro","16134 Sporer Shoals, Vanessaville",-14.0234,27.0093,1,1,1,1
2,10,3,"162 Simonis Lock, New Wandaberg","8211 Willow Grove, St. George",-9.3719,-98.644,2,2,2,2
3,3,36,"246 McLaughlin Rapids, Trantowtown","588 Church Path, Hutchinson",43.6173,160.58,3,3,3,3
4,8,31,"62461 Max Keys, Waldofort","27595 Jeanie Trafficway, South Gladyce",-41.8287,-42.8314,4,4,4,4
5,9,15,"27657 Klein Circle, Langmouth","86998 Hall Lane, East Thaliaside",85.9523,92.6461,5,5,5,5
6,5,28,"89251 Bergnaum Roads, North Luna","9069 Cristal Rue, Corkerystad",-8.86,-1.9377,6,6,6,6
7,6,13,"55458 Arthur Views, Beattyton","7901 Zboncak Groves, Roderickboro",-81.5185,165.667,7,7,7,7
8,7,25,"57336 Stamm Rapids, Donnafort","71234 Main, Fort Orvilleburgh",-55.7316,169.221,8,8,8,8
9,8,39,"459 Oda Cliff, South Aliya","5559 Celestino Freeway, Pittsburgh",-10.4018,-77.8987,9,9,9,9
10,8,24,"52418 E 12th Street, Denver","702 Theodore Road, Bryan",-9.134,175.007,3,10,10,10
11,2,26,"3237 Jonatan Fort, Fridaburgh","8642 Oak Drive, North Thadmouth",35.9526,127.802,10,11,11,11
12,7,32,"455 Weston Causeway, New Sigmundstead","363 Stracke Street, Cecilville",64.3858,20.8014,11,12,12,12
13,3,5,"9000 Zakary Landing, Welchport","760 Hill Road, Port Adriantown",63.6472,144.789,12,13,13,13
14,5,9,"162 Murazik Trace, Fort Darionburgh","747 Pinfold Lane, North Shaylee",25.2617,-103.665,4,14,14,14
15,8,19,"71008 Ali Canyon, West Santino","61086 Sawayn Ville, Fort Daxmouth",-40.142,-156.006,12,15,15,15
16,8,46,"5216 Sophie Corners, Armstrongside","16893 W 4th Street, Buckridgeberg",-30.1392,-151.148,13,16,16,16
17,3,36,"27774 Wyman Views, Aurorefurt","10359 Mitchell Overpass, Stantonboro",-71.8095,-101.326,14,17,17,17
18,2,27,"180 W Main, East Itzel","241 Ayana Underpass, Nitzschestead",-53.5,-93.5214,15,18,18,18
19,10,45,"9623 W 3rd Street, Des Plaines","104 W Main, West Valley City",-34.1016,109.155,16,19,19,19
20,4,10,"943 Art Pass, South Laverneshire","24809 Turner Via, Little Rock",-2.9798,127.296,6,20,20,20
21,3,13,"354 King Parks, North Theron","68419 Orchard Drive, East Kenton",-50.2776,164.439,4,21,21,21
22,10,35,"8496 Cherry Street, Hermanton","1982 University Avenue, Wadechester",-71.8849,167.626,2,22,22,7
23,1,35,"382 Elwin Inlet, Yucaipa","479 Sid Trace, Anaheim",48.8991,-125.449,17,23,23,22
24,7,7,"93071 3rd Street, Weberville","9462 Willow Street, North Port",20.2394,-14.3273,18,24,24,23
25,6,13,"3221 Mohr Park, Thaliafurt","31763 Cambridge Street, South Tristianmouth",-0.1109,-0.3974,9,25,25,24
26,6,14,"2583 Zulauf Keys, Gabriellaworth","88684 Marlene Gardens, Mantemouth",0.9632,-159.611,19,26,26,25
27,2,37,"84000 The Glebe, Durwardview","7050 Connelly Unions, East Christophe",-19.608,-71.1007,6,27,27,26
28,10,4,"486 Tristin Island, South Ashtoncester","73903 Clark Street, South Jeraldside",-56.381,-102.985,11,28,28,27
29,3,14,"2435 Tianna Harbor, West Walterworth","7154 Keira Springs, O'Keefeshire",-78.5691,-146.269,16,29,29,28
30,6,34,"15319 E High Street, Rancho Cordova","827 Shanahan Centers, Cassinstad",-88.4823,162.001,20,30,30,29
31,1,3,"67189 Blanda Spurs, Alanisborough","7075 Trinity Pass, Hammescester",25.4073,156.37,16,31,31,30
32,7,10,"6311 W Central Avenue, Rosenbaumberg","805 Huel Knoll, Jakubowskiton",53.7169,31.5626,5,32,32,31
33,3,47,"8613 Spinka Center, Chelseacester","9218 Franey Route, Evertshire",-39.1814,94.0474,20,33,33,32
34,1,11,"38727 Carey Coves, Port Kirkboro","5445 Lincoln Road, Honolulu",-63.4522,68.3805,21,34,34,33
35,3,21,"9883 Nash Keys, Fort Christaville","6237 Moen Valley, Coralieville",-79.9173,-155.978,3,35,35,34
36,1,16,"5818 Fletcher Creek, North Port","73312 Gayle Passage, West Michalefurt",55.8661,71.2438,22,36,36,35
37,2,7,"68283 Brandyn Lane, Garrettside","70610 New Street, Wilkinsonfort",76.6473,32.091,5,37,37,36
38,10,1,"5089 South Drive, Teresastad","7753 Buck Street, Herminiafield",-22.3214,84.0865,4,38,38,37
39,10,23,"555 Mill Lane, Kubstad","46836 Zieme Lock, Hintzborough",25.3727,-105.025,23,39,39,38
40,6,17,"914 W 6th Avenue, Kenyattashire","2728 Toney Ranch, Port Jacklyn",3.8467,17.9938,24,40,40,39
41,6,48,"140 Erdman Shoals, Dominiqueview","73055 Washington Boulevard, East Katherinemouth",67.4258,-128.794,25,41,41,40
42,4,30,"157 Marjory Shoal, O'Reillyberg","6139 Conroy Mount, Winston-Salem",50.472,121.411,26,42,42,3
43,5,42,"821 Doyle Camp, Johnson City","27012 Clinton Street, Amytown",-87.1587,37.3192,1,43,43,41
44,2,8,"159 Elmore Place, Hellerstead","165 Brookside, Cranston",11.4207,66.4875,10,44,44,6
45,3,27,"1862 Abshire Pike, Alysaton","690 Chestnut Street, Sioux Falls",-8.0442,-47.702,27,45,45,42
46,4,29,"3170 Westfield Road, Estellestad","2799 East Street, Myrlworth",17.49,45.4162,4,46,46,43
47,9,21,"7281 Shemar Pass, Adellaside","8916 Wilkinson Tunnel, East Bettie",-2.9529,-173.913,28,47,47,41
48,8,17,"3066 Blanda Ramp, Port Kaneville","7495 Hillside Close, Jacobsboro",19.2242,159.73,29,48,48,34
49,8,11,"23128 Church Lane, West Elysestad","30063 Gerlach Grove, Palmdale",-84.6261,3.9961,14,49,49,9
50,5,14,"455 Cruickshank Rest, East Maggie","99033 Roman Way, Port Kaylafort",86.0599,-113.457,14,50,50,44
51,9,12,"875 Carolina Via, Port Brownchester","1152 Odell Trafficway, Lake Lowellshire",-31.7237,-36.0505,30,51,51,45
52,3,7,"492 Emily Brook, Easterbury","5454 Earnest Mill, New Kaleb",10.6494,139.021,31,52,52,46
53,2,29,"895 Llewellyn Courts, West Earlene","9353 Blick Cove, New Lela",36.0501,-95.741,21,53,53,47
54,5,16,"747 Waelchi Alley, East Roger","821 Wilhelmine Neck, South Hill",70.4275,-7.9021,30,54,54,48
55,2,8,"76027 Terence Manors, Georgetteview","814 Sammy Terrace, Levittown",15.7713,77.7677,19,55,55,49
56,5,36,"24546 S Main, Bayamon","35964 Deckow Lakes, Lake Christinahaven",-70.0829,-124.133,32,56,56,18
57,6,32,"77023 Bosco Fords, Port Natalia","831 Hermann Spring, Brekkeview",-27.7335,91.3821,33,57,57,42
58,10,31,"4968 Windsor Drive, Fort Daren","51292 Cassin Rue, Rio Rancho",-15.76,151.464,34,58,58,50
59,9,41,"377 Treutel Spring, Fountain Valley","14590 Alexys Lane, Kunzeside",-5.9105,168.103,31,59,59,51
60,2,27,"734 Reilly Creek, Hacienda Heights","905 Kelli Lakes, Olsonstad",48.3645,-98.5722,10,60,60,44
61,5,46,"2341 Lakin River, Novellaview","992 Elian Rapids, East Ellsworthton",86.8221,21.7712,8,61,61,52
62,10,26,"27146 Dee Locks, Palmdale","6346 Schmeler Court, New Jordi",-40.5707,-144.325,8,62,62,19
63,4,26,"7247 Kuvalis Points, Port Alaina","9905 Grady Dale, West Izaiahville",-19.5776,-50.7194,35,63,63,53
64,6,35,"491 Kiel Fort, McClureberg","5449 Wilkinson Court, The Villages",-62.7645,137.372,12,64,64,10
65,4,24,"30158 Kovacek Manor, Lunacester","302 Runte Gateway, South Georgeview",64.3291,-168.902,13,65,65,54
66,8,40,"6778 Alivia Ways, Sandy","682 Marcelo Villages, Yasmineberg",-17.5426,-63.5899,36,66,66,55
67,8,31,"38842 W North Street, West Rollin","17694 Bayer Cove, Nitzscheberg",-83.5782,-15.8569,27,67,67,56
68,2,31,"725 Hickory Street, South Brookfurt","31833 Steuber Corners, North Bridgethaven",39.3836,-156.773,37,68,68,29
69,6,6,"100 Spring Gardens, Lake Micaelaview","878 Antonietta Point, East Amiya",78.7928,63.5992,9,69,69,57
70,6,15,"2381 The Paddock, South Rozellabury","3541 Dooley Walk, Lake Jacinto",-48.6594,104.613,21,70,70,15
71,8,42,"775 Wehner Well, Mayerberg","140 Well Lane, Alexanderburgh",53.1167,-36.9502,34,71,71,58
72,8,18,"58424 The Croft, Lake Tomhaven","9362 Green Harbor, Sawaynside",68.1276,2.3654,21,72,72,59
73,2,42,"73479 S Monroe Street, Chazworth","448 S 9th Street, Port Enrique",-11.2848,-54.6159,28,73,73,60
74,3,6,"244 Aileen Run, Feilland","54339 Wiza Crescent, Hilo",-39.0614,119.533,10,74,74,61
75,8,37,"5425 Rowan Square, Summerworth","265 Elsa Route, Fort Haven",-1.3183,167.14,8,75,75,62
76,5,49,"3069 Tomasa Forges, Spring Valley","9386 Dale Green, Corona",45.6644,-118.598,17,76,76,1
77,10,12,"5404 Dickens Streets, Port Joannebury","87065 Dante Underpass, Port Linastead",-66.715,105.902,31,77,77,63
78,9,7,"951 Alysha Knoll, Lake Godfreyview","7146 Allene Estate, New Andreanefurt",24.1267,-144.038,1,78,78,64
79,8,16,"164 N Court Street, South Deltamouth","240 Runte Courts, Schadenchester",-82.9112,12.1741,8,79,79,65
80,1,8,"352 Schaden Green, North Marjorie","377 Oscar Island, Kirlincester",12.6474,-171.003,27,80,80,34
81,10,4,"59672 Wisoky Trafficway, Fort Paolo","472 Mills Ferry, Fairfield",-8.3636,170.159,10,81,81,66
82,8,45,"8298 Reichel Islands, Wittingchester","7886 Bryana Freeway, Gresham",-50.3732,-62.3374,24,63,82,56
83,3,30,"573 Warren Road, Jefftown","252 N Walnut Street, Grantstead",55.7832,106.669,38,82,83,67
84,1,48,"4380 Well Lane, West Bettyshire","483 Turner Dale, Hillsstad",-57.6155,150.012,9,83,84,68
85,1,8,"8098 Feil Ville, Normaworth","3630 Bosco Spring, Port Pinkieville",-46.4806,-4.867,21,84,85,69
86,3,45,"7368 Coronation Avenue, Jenkinsview","871 Maggio Isle, Oceanside",-71.6108,43.8724,39,85,86,70
87,7,1,"831 Orchard Drive, Eleanoreborough","2375 Ondricka Harbor, Giaview",67.094,-40.4012,40,86,87,71
88,4,11,"82130 Waverley Road, Rylancester","78904 Marjorie Parks, Spokane",42.0446,-166.222,41,87,88,72
89,4,35,"829 Russel Plains, Port Keyonshire","4341 Steuber Lock, Imaville",-25.602,-52.4952,7,88,89,73
90,2,11,"81133 Cedar Street, Schadenstead","3163 Dietrich Cove, Funkburgh",-79.4629,-47.2114,34,89,90,74
91,9,30,"368 Rosemary Shores, East Rudy","66949 W Chestnut Street, North Arnoldberg",69.6267,77.382,31,90,91,75
92,1,46,"40497 Chestnut Drive, Robertsboro","943 Mulberry Street, Delray Beach",84.219,-126.916,8,91,92,76
93,1,42,"756 Oswaldo Creek, West Halletown","5980 Beahan Cove, Orange",-7.4953,35.7392,26,92,93,24
94,3,22,"7491 Luis Highway, Austin","256 Hermiston Bypass, Wolffboro",-38.1731,-153.072,14,64,94,77
95,7,19,"780 Watsica Meadow, Kaleyberg","729 S Elm Street, Cary",-56.7405,-76.0753,34,93,95,78
96,6,29,"84017 Dorcas Ridges, Delano","989 Lincoln Avenue, McKenzieside",-39.1122,92.1286,39,94,96,79
97,9,23,"60600 Turner Ville, Jeffersonville","5574 Lodge Close, Carterhaven",32.3392,-94.2336,3,95,97,80
98,8,43,"83074 Liliane Hollow, New Arvelport","599 Velma Track, Lincoln",-12.9076,-108.874,42,96,98,81
99,6,33,"147 Kent Road, Lake Diamondhaven","700 Annamae Tunnel, Lake Cathy",54.3956,68.6881,43,97,99,29
100,4,3,"9764 Brent Rue, West Mya","535 St Mary's Road, Lake Glenda",82.6915,166.174,26,98,100,82
101,4,12,"4771 Pearl Street, West Cole","5135 Alexanne Harbor, Greensboro",-42.6159,42.9197,11,99,101,83
102,2,15,"860 Kiley Brook, Lake Florencio","673 Haley Well, Howellchester",-64.2225,-172.298,4,100,102,84
103,5,46,"5882 Balistreri Stream, Theodorestead","1567 Church Hill, Sandystead",-46.2225,-62.207,41,101,103,81
104,1,26,"76583 Morissette Causeway, Santosstead","19184 9th Street, Spokane Valley",-70.9105,-123.449,1,102,104,85
105,1,18,"330 Martin Roads, New Holly","124 Elm Road, Faustinomouth",-31.0394,-18.8399,13,103,105,47
106,3,48,"5690 Runolfsdottir Field, DuBuqueworth","60921 Karianne Centers, Lake Gwenborough",-34.1377,-127.264,34,104,106,86
107,3,1,"320 E 4th Avenue, Hintztown","1149 Glebe Close, Lake Tyshawn",89.8907,-154.951,22,105,107,87
108,2,48,"9100 Reynolds Lights, Aidacester","34809 The Lane, Port Brianneton",82.7802,114.253,9,106,108,79
109,8,13,"62004 Goodwin Junctions, Camylletown","42054 Mabelle Mountains, Country Club",-84.0054,-165.381,3,107,109,88
110,6,40,"4100 Euclid Avenue, Port Alessandra","646 Romaine Greens, Derrickshire",-60.9088,-46.7657,42,108,110,89
111,6,42,"71634 Baumbach Mills, Port Lafayetteside","37280 Wilson Forks, West Lucileberg",60.0402,81.4409,23,109,111,71
112,3,43,"807 Spencer Stravenue, North Alexiehaven","490 Schulist Garden, Twin Falls",-73.9721,-105.376,17,110,112,90
113,9,18,"651 Boehm Estate, Lake Creolahaven","33167 Castle Lane, Wauwatosa",53.0133,-77.7755,14,111,113,91
114,3,29,"165 Loyce Knolls, Metzcester","224 Konopelski Overpass, West Pansyboro",-80.2417,-121.466,22,112,114,75
115,1,42,"27638 Crown Street, Palm Bay","42638 Lakin Plain, Germantown",-64.9312,100.247,3,113,115,92
116,8,14,"37508 The Oaks, State College","8410 Ash Close, Louisville/Jefferson County",-85.4897,114.68,14,114,116,55
117,8,24,"42780 Schroeder Mills, North Naomiebury","330 Schaden Manor, Thompsontown",52.8803,-107.623,29,115,117,54
118,10,3,"49547 Buckingham Road, Lake Hubertfort","55280 Koch Radial, Jennieview",41.5579,-54.8933,6,116,118,56
119,8,22,"128 Bosco Lane, Camronland","446 Cliff Road, Margueriteborough",-47.518,157.604,29,117,119,27
120,7,34,"1800 Senger Passage, Jonaston","68238 Kassulke Alley, West Esteban",-52.0082,-4.6462,17,118,120,93
121,2,30,"59136 Center Avenue, Johnsfield","4450 Orin Mill, North Prestonside",-61.2749,-154.307,18,119,121,94
122,9,27,"66306 Afton Mountains, New German","1806 Dallas Dam, Jamarcusville",-85.3296,125.803,7,120,122,95
123,2,45,"238 Seth Ford, Wiegandstad","321 Honeysuckle Close, Rocklin",-88.1777,62.0172,2,121,123,96
124,9,24,"447 Providenci Ports, Port Craig","9500 Albion Street, St. Paul",-63.5818,134.978,38,122,124,97
125,5,24,"4491 Hill Street, Bethesda","1677 Ruthe Crescent, Hattiesburg",-54.9039,-172.812,12,123,125,98
126,9,3,"328 Heath Road, Round Rock","3221 Ritchie Station, Waco",78.4104,-95.6377,21,124,126,98
127,7,15,"547 Viviane Common, Ashleighfort","39942 Prospect Road, Port Kraig",-47.1487,-111.078,7,125,127,14
128,1,44,"421 Trinity Road, Danykafield","886 Edwardo Wells, Abigalestead",23.5531,153.993,44,126,128,99
129,8,34,"1641 Garry Path, Port Cullenberg","73229 Lockman Parks, Dickensburgh",52.133,118.181,34,127,129,100
130,8,19,"308 W Broadway Street, Hilllstead","8133 Maryam Heights, West Lacy",-54.7851,-166.75,39,128,130,101
131,5,27,"3602 Elza Alley, Poway","782 N Main, Medhurstcester",82.8816,-162.157,45,129,131,102
132,5,30,"97056 Hyman Canyon, Lake Bettye","464 Prohaska Cape, Augusta-Richmond County",-57.0787,-175.644,32,130,132,91
133,8,15,"60824 Lysanne Manor, Vincecester","4558 Kovacek Village, Plantation",-59.1165,72.5778,24,131,133,103
134,7,12,"7874 Meadow View, Lombard","1471 Hassie Plaza, New Kirkview",-55.1956,0.0742,7,132,134,27
135,9,13,"73561 E Maple Street, Huelland","959 Rempel Cape, West Lafayette",47.2945,-140.576,3,133,135,104
136,6,19,"2282 Billy Turnpike, East Antonetta","4532 Mraz Overpass, Barnstable Town",-16.9163,98.2485,9,134,136,105
137,8,22,"673 Shany Underpass, San Antonio","279 Oberbrunner Extension, Hawthorne",-38.5925,148.298,41,135,137,106
138,3,48,"2861 The Paddock, Tamiami","19862 Main Street W, Jamalstad",-57.6928,175.621,14,136,138,99
139,6,2,"203 Cromwell Road, New Edgardostad","23416 Trinity Road, Port Kaylachester",80.9751,157.34,16,137,139,107
140,9,19,"87879 Myron Wall, West Cristina","468 Zboncak Plain, South Eleonorefort",-67.3605,89.1931,9,138,140,79
141,10,19,"57758 Farrell Mills, Hirthechester","984 Stark Lakes, Kearastad",64.2013,45.9024,9,139,141,46
142,1,11,"8305 Main Street, Sanfordbury","454 Addison Fort, Gleasonmouth",89.7734,67.1088,5,140,142,36
143,9,40,"8536 Upton Unions, Fort Jerry","510 Martin Luther King Drive, Fort Rachelhaven",-82.0948,-8.5403,42,141,143,108
144,8,50,"733 Durgan Ranch, Beahanview","5235 The Sidings, South Dannyfort",-13.0109,74.7684,18,142,144,109
145,7,27,"7884 Santino Shoal, South Alizeshire","57140 Desiree Ridge, Lomafield",-33.856,85.2322,32,143,145,66
146,10,18,"9997 Meadow Way, Port Angelacester","86264 W Franklin Street, Noahmouth",64.429,151.226,46,144,146,29
147,7,19,"36732 Henri Green, Larryshire","443 N Chestnut Street, Mattshire",42.212,145.301,2,145,147,64
148,7,29,"180 Georgette Haven, East Frederickcester","985 W 6th Street, Spinkaville",59.9089,-98.8994,8,146,148,33
149,10,28,"533 W Union Street, Lake Kayleeborough","4957 Funk Pass, Arvidstead",58.5791,6.0285,8,147,149,110
150,6,40,"25495 Borer Knoll, Pembroke Pines","52718 Kuhlman Ramp, Port Shaniyaburgh",-7.138,-160.864,45,148,150,111
151,2,4,"412 Nona Manor, Sheboygan","739 Hildegard Spurs, Russellhaven",-63.7348,-175.956,16,149,151,37
152,5,44,"1380 Hauck Camp, Fort Jared","3241 The Meadows, Skylarchester",-26.9466,-178.707,10,150,152,74
153,5,19,"3815 Leopoldo Track, New Nella","3577 Skyline Drive, Mathildeport",-6.3469,74.8048,47,151,153,112
154,1,26,"51727 Lubowitz Inlet, Lake Bettehaven","57179 London Road, North Linnieshire",21.037,-142.654,3,152,154,79
155,9,50,"332 Demetrius Turnpike, Manteview","863 Ed Plain, Torpmouth",35.4683,3.1905,41,153,155,105
156,10,6,"564 Gusikowski Pass, Port Clintstad","86933 Schmitt Spurs, Casperbury",54.2815,50.0731,40,154,156,34
157,10,41,"589 Marisa Mount, Fort Josueborough","939 Javonte Corner, East Boville",-15.0595,145.746,48,155,157,93
158,3,13,"6581 Hauck Run, Huntington","21249 Zieme Roads, Alexandriachester",-0.8903,-14.1643,25,156,158,113
159,10,38,"236 Talbot Road, Pine Bluff","8728 Witting Corners, North Margaretteshire",41.5184,173.276,37,157,159,18
160,2,12,"6713 Kings Highway, Trantowstad","106 Poplar Avenue, Bartonworth",48.2991,112.067,45,158,160,83
161,7,4,"5433 Farrell Parkway, College Station","737 Cullen Bridge, Stanleyville",-76.4435,87.8745,43,159,161,88
162,7,2,"65103 Weissnat Cove, Morissettetown","59318 North Lane, Lake Waldobury",-33.1247,92.9936,27,160,162,105
163,10,42,"1492 Walsh Fall, Jairoville","4692 Magdalen Crest, Hettingerberg",-75.2334,165.536,39,161,163,73
164,10,30,"1651 Adams Avenue, Lupeberg","2524 Lynch Glen, Oceanside",-74.8722,-14.0384,23,162,164,114
165,9,46,"99667 Santiago Plaza, Napa","521 The Dell, Fort Bell",78.3023,-169.69,43,163,165,115
166,7,44,"11248 Hoeger Dale, East Shaneport","60419 Wisoky Burgs, Caryboro",65.1194,74.44,9,164,166,28
167,10,38,"2346 Lincoln Street, Wilkinsonborough","193 Gerhold Land, Zulaufburgh",-28.2961,126.159,49,165,167,17
168,4,18,"489 E Union Street, New Theresiaboro","667 The Coppice, Lake Fabiolaborough",-66.8798,155.362,45,166,168,116
169,7,21,"91186 North Road, South Lenore","77736 W Front Street, Stehrstad",-46.5007,-43.5844,41,167,169,89
170,2,39,"47895 Naomi Point, Jaskolskifort","1559 Lodge Lane, West Ona",58.6672,100.21,34,168,170,2
171,10,3,"2412 King Street, Mertzworth","129 Newton Lake, The Hammocks",-24.5126,116.109,23,169,171,90
172,5,18,"3194 E Cedar Street, Lake Demarco","901 Leanne Park, Fort Doris",43.7329,146.834,19,170,172,32
173,5,46,"3923 Connie Ridges, Granvillefield","138 Vicarage Road, Rogeliobury",79.8799,-164.667,16,171,173,117
174,1,47,"421 Padberg Greens, West Maryjane","3518 Gaetano Overpass, New Anjalichester",-57.0295,-1.6589,21,172,174,96
175,6,37,"45421 Edison Bypass, Scottsdale","242 E 5th Street, Edmond",-30.4331,-45.5385,27,173,175,115
176,6,15,"71187 Jasper Flat, Alfonsoland","88911 Lynch Crescent, Koelpinbury",81.3017,145.555,49,174,176,118
177,2,27,"3173 Gail Rapid, Leannonside","4465 Ahmed Cliff, Neilborough",41.5964,-101.302,15,175,177,119
178,3,34,"5149 E Park Avenue, Alekshire","381 W Broad Street, South Geovanni",-29.4219,-5.1484,12,176,178,71
179,5,24,"969 Moen Glen, McLean","4396 DuBuque Center, Lelahmouth",-35.4459,122.997,20,177,179,120
180,1,26,"60570 Johnson Prairie, Catalina Foothills","21273 Cruickshank Row, Catherineberg",-2.852,-137.962,28,178,180,51
181,9,24,"22744 W Bridge Street, New Henrietteview","20073 Maxie Radial, Connburgh",76.0932,-122.531,43,179,181,48
182,2,1,"17452 Marquardt Landing, Bossier City","503 Hansen Spur, North Idellafield",-17.2386,71.8597,16,180,182,32
183,6,2,"31123 Highland Avenue, St. George","9710 Green Street, Moenboro",4.6612,134.568,38,181,183,121
184,9,17,"810 Brakus Pine, West Mattieland","966 Lake Avenue, South Bradford",51.5869,70.0521,34,182,184,122
185,7,32,"33318 W Elm Street, East Donbury","6004 Myles Stream, Blockbury",-32.6601,55.36,25,183,185,123
186,10,14,"770 Sallie Brook, Allystad","48650 Lowe Port, New Enochburgh",-19.9817,5.2169,12,184,186,124
187,5,4,"25018 S 2nd Street, Gardena","4765 Jones Glens, Port Tessie",14.8886,-45.0258,4,185,187,95
188,9,11,"921 Britney Cape, Edwinaton","9626 Bianka Ferry, South Lue",65.6205,-57.0223,11,186,188,125
189,9,43,"268 Wuckert Extensions, Corpus Christi","98306 Walker Crossing, Herthabury",-34.8344,-101.27,2,187,189,68
190,1,2,"9686 Spruce Street, Fort Samantaport","6792 Herzog Garden, Port Cletaton",72.5661,22.4953,1,188,190,126
191,9,49,"6054 W Washington Street, Thielchester","3130 Isabelle Centers, Sammamish",-9.3498,7.5947,48,189,191,127
192,2,42,"9912 Schaefer Way, Santa Clarita","88629 Dooley Skyway, Groverview",-62.5886,79.3445,3,190,192,22
193,1,39,"88621 N East Street, Beattyland","13974 Lysanne Glens, Grapevine",-59.6592,113.007,25,191,193,75
194,7,17,"5179 Tara Estate, Port Gladys","971 S Washington Avenue, Kreigerstad",-9.6029,-72.8263,10,192,194,128
195,6,1,"2367 Willow Road, East Taraville","102 Franecki Drives, Schillerfort",40.7736,-34.6089,37,193,195,69
196,8,4,"5997 Emmerich Well, Sioux City","5852 Jedediah Course, South Mattiehaven",-35.4267,144.994,26,194,196,29
197,8,11,"72174 Central Avenue, Gulgowskibury","2890 Yew Tree Close, Fort Ernietown",-19.106,51.3834,5,195,197,102
198,10,40,"31419 Donnelly Oval, Elkhart","4781 Reichel Dam, Keeblershire",63.0544,117.535,37,196,198,129
199,2,29,"3683 Station Street, Gradychester","349 Central Avenue, Yorba Linda",-29.4986,154.812,9,197,199,130
200,8,26,"458 Tanner Shores, North Gail","5729 O'Conner Fall, West Vincenzo",25.0724,-28.6416,27,198,200,112
201,6,36,"15091 Pound Lane, Pearl City","549 Ratke Pine, Gabefield",-84.3435,-178.959,43,199,201,131
202,4,5,"968 Emiliano Gardens, Legrosport","2066 Springfield Close, East Tarashire",-68.9727,97.9719,45,200,202,40
203,4,32,"16404 Barton Stravenue, Lake Domenicofield","174 Alma Street, Guaynabo",-33.3695,142.447,14,201,203,75
204,3,33,"229 Stanley Road, Lake Rockyfort","510 Park Road, Monahanside",-19.9787,105.476,16,202,204,132
205,2,1,"4387 Wiza Road, West Maya","913 Jonatan Points, East Lennie",60.3984,93.7866,9,203,205,21
206,1,12,"284 Daniel Ranch, Kristown","749 N Pearl Street, Fort Lou",-14.8188,-56.2604,11,204,206,133
207,2,50,"48783 Stanley Street, Port Adityahaven","690 Spring Gardens, Jonathonburgh",42.3317,-149.608,2,205,207,76
208,8,9,"33372 N Union Street, Lavinamouth","5212 East Street, McClureburgh",69.0595,-17.6938,45,206,208,13
209,2,9,"10050 Scot Vista, Armstrongborough","7342 Woodland Close, Lanceside",34.0138,55.857,49,207,209,134
210,4,33,"43736 Beech Grove, East Ezequiel","97370 Eve Plain, Daltonland",-86.4863,-132.53,15,208,210,20
211,6,42,"13558 Willow Road, Chazstead","18023 Ernser Island, Coachella",5.5607,160.126,7,209,211,135
212,2,31,"144 Yost Brooks, St. Louis","2864 Trey Road, Eau Claire",77.3664,-166.335,41,210,212,130
213,9,8,"391 Jennyfer Fort, Chesleyborough","4509 Poplar Road, Lake Cristianberg",-21.8966,-65.8164,13,211,213,50
214,7,25,"76031 Dangelo Forks, Lake Fabian","17182 The Square, Fort Jerrod",20.5177,-47.8705,33,212,214,64
215,1,41,"5935 Martin Luther King Jr Boulevard, Port Marquisbury","937 Ritchie Spur, Corastad",-59.9755,-18.8926,8,213,215,136
216,1,48,"43899 Hahn Manor, Kannapolis","8909 Schaefer Inlet, Norrisland",-50.9374,-19.2431,10,214,216,137
217,2,2,"6801 Gilberto Way, Sanfordside","67480 Edgardo Mission, East Dockworth",-26.058,-56.9737,46,215,217,101
218,2,17,"308 Beier Haven, Cheektowaga","884 Collins Alley, North Franciscostad",49.816,12.7759,12,216,218,121
219,8,19,"214 Nichole View, East Ari","99763 Elyse Forks, Gutkowskiton",-58.3786,-142.557,17,217,219,44
220,4,15,"911 Rippin Groves, Lake Josephine","542 Goyette Union, Fort Marina",-60.0804,-123.695,48,218,220,88
221,6,50,"3664 Nannie Land, Willmsmouth","16363 Luettgen Lodge, Bernhardcester",-50.0755,-116.048,41,219,221,129
222,9,29,"51386 Miracle Road, Watsonside","494 Marsh Lane, New Guadalupe",18.1967,177.852,50,220,222,138
223,10,22,"4539 Lera Expressway, South Angelo","74842 Toney Valleys, Davonberg",-81.8258,-115.639,28,221,223,138
224,1,43,"67568 Ana Greens, Ezekielhaven","856 Baker Street, Hunterburgh",-53.9793,139.24,31,222,224,139
225,5,17,"6397 Tillman Land, East Jaycee","972 Ted River, Marvinchester",-76.8147,-13.7824,7,223,225,140
226,1,7,"64607 Altenwerth Rest, West Albertha","3871 Hartmann Valley, Fort Zane",62.3136,-30.0198,47,224,226,141
227,3,23,"2295 Brennon Ranch, Palm Desert","81636 Frances Harbor, South Michel",37.6551,-39.3611,7,225,227,142
228,8,5,"2835 Wilton Ridges, Aldenbury","92468 Abe Trace, Brainberg",-87.9581,92.5685,33,226,228,120
229,2,34,"583 Georgiana Squares, Champlinfield","4922 The Spinney, Willieville",10.0511,173.042,40,227,229,143
230,8,31,"6165 Hills Burgs, Modestaborough","39236 Karen Squares, Kendramouth",-23.9573,-156.265,43,228,230,144
231,8,40,"82453 W Grand Avenue, Jaquelinefort","276 Baker Street, Bergnaumtown",5.631,136.067,34,117,231,115
232,10,27,"29552 Sandy Lane, Denesikboro","36513 Oberbrunner Springs, Port Eloy",27.0998,114.074,4,229,232,96
233,4,2,"336 Sabryna Loop, New Emmanuellefurt","8384 East Avenue, Cleoraburgh",-7.6637,-144.933,6,230,233,92
234,9,9,"46777 Murazik Centers, Nicolasmouth","67032 Victoria Place, Sabrynashire",23.1899,38.4997,40,231,234,42
235,1,2,"6560 Locust Street, West Emeliefield","8292 Osbaldo Avenue, West Jeff",8.7122,165.687,24,232,235,31
236,2,11,"8066 Green Lane, Severn","83087 Park Street, West Phoebeboro",-46.614,-131.016,9,124,236,145
237,4,37,"43426 Darius Mills, Fort Wyattcester","619 Adams Avenue, Dovieport",28.1295,-91.6463,39,233,237,36
238,3,14,"828 Marcellus Overpass, Oberbrunnerland","861 Devante Pine, Fort Ebonycester",60.1032,131.055,18,234,238,24
239,1,19,"27363 Josie Courts, Simonisshire","65468 4th Avenue, North Little Rock",-84.9305,-160.624,44,235,239,65
240,2,39,"441 Turner Street, Schowalterstad","88751 Little Landing, Thadmouth",-55.5893,-135.624,4,236,240,99
241,5,35,"587 6th Avenue, Gleichnerland","83629 Eino Extension, Fort Dianatown",60.6711,109.882,39,237,241,146
242,7,23,"41628 Alvera Terrace, Port Alivia","71449 Catalina Meadows, Justiceside",88.5439,-159.058,45,238,242,68
243,7,15,"816 Nitzsche Grove, North Trenton","214 Rosenbaum Mews, Bergetown",2.8682,-24.8692,47,239,243,147
244,10,9,"63707 Castle Street, Boyerborough","6986 Koepp Spring, Monahanshire",-7.0509,27.4194,3,240,244,83
245,1,32,"50302 Zieme Flat, Miloshire","132 Sandringham Road, East Albertoworth",67.1407,-50.032,29,241,245,37
246,1,17,"769 Airport Road, Darrionboro","45374 Lime Grove, Fort Conorside",-39.9415,129.733,16,242,246,10
247,7,4,"25852 Lodge Lane, South Magdalenabury","6521 Russell Street, Lake Efren",59.7879,-53.2223,21,243,247,122
248,2,5,"462 Jodie Park, Tillmanview","599 Rippin Ridge, Port Mustafa",29.6138,86.9528,39,244,248,94
249,8,44,"897 D'angelo Gateway, Terrymouth","5531 Martin Luther King Jr Boulevard, Ullrichfurt",-48.8632,-12.948,3,245,249,148
250,9,3,"5048 Center Avenue, West Antonioview","73013 Bramley Close, North Kaileyberg",61.0376,115.503,23,246,250,149
251,1,30,"1829 Ibrahim Cove, Reading","84432 Sandy Lane, New Electa",-29.7437,-64.6595,9,247,251,43
252,2,42,"55292 W Broadway, Port Briaberg","654 W 4th Avenue, Fort Carmelocester",53.7697,108.837,16,248,252,90
253,3,2,"3761 Bruen Neck, Waterbury","620 Salisbury Road, West Mauriciotown",-56.2166,-129.518,34,249,253,104
254,6,47,"94626 Klocko Fork, West Elvisberg","3361 Third Avenue, Rutherfordtown",-58.8271,53.435,12,250,254,5
255,7,42,"98421 Runte Valley, Kaydenbury","785 5th Avenue, Bethlehem",59.6028,30.3597,43,251,255,21
256,5,15,"6478 Stella Spring, Lake Francisbury","978 Boehm Coves, East Vincenza",-86.3707,-2.0021,41,252,256,64
257,10,19,"4086 Quarry Road, South Retatown","602 Lauriane Loop, East Taraside",15.6972,-73.4074,18,253,257,150
258,3,14,"210 Hill Road, Merlfort","656 Wilderman Heights, Okunevaberg",89.9055,-11.1493,40,254,258,117
259,9,35,"84002 Runolfsson Roads, Mohrcester","2126 Diamond Overpass, Port Cecil",75.8998,-157.939,21,255,259,13
260,1,22,"35899 Lincoln Road, Torphystead","74990 S Washington Avenue, Alafaya",-21.7746,112.168,48,256,260,151
261,9,11,"23051 Abshire Ridges, Port Ellahaven","98900 Poplar Avenue, Fort Jake",40.6998,-178.469,20,257,261,118
262,6,6,"53136 Lilliana Drive, New Theodoreville","24582 Cormier Track, El Dorado Hills",3.9989,-174.206,47,258,262,78
263,7,24,"675 Milton Road, Bartlett","1218 Bell Lane, Oswaldfort",-46.9276,-176.238,30,259,263,37
264,5,13,"991 Willow Grove, Port Carolinecester","5062 6th Street, Kendrickfield",-89.2499,-87.6091,19,260,264,152
265,2,15,"995 Cole Neck, South Tillman","9594 Feeney Brook, Zulauffurt",-74.7324,5.2849,18,261,265,42
266,2,31,"204 Loyal Roads, Joshton","12711 Heidenreich Corner, Taylor",46.4262,-32.6472,36,262,266,146
267,3,34,"2446 Lela Key, New Meaganbury","878 N Jackson Street, Spokane",66.3386,-109.46,46,263,267,153
268,7,32,"6645 Thompson Keys, Lexusstad","6762 Sycamore Avenue, Port Jeffreyboro",-6.4969,-121.659,21,264,268,20
269,5,18,"31242 Dustin Turnpike, West Alejandraview","2335 Willow Road, Indianapolis",79.7395,-159.039,11,265,269,114
270,4,44,"711 Grand Avenue, Macon-Bibb County","15533 Candido Divide, Lake Josiannestad",-72.4672,-130.075,17,266,270,134
271,10,8,"5481 Torp Plaza, Strosincester","775 N 5th Street, Logan",-24.5241,-67.6658,45,267,271,67
272,6,38,"645 St Mary's Road, Purdystead","72880 Dorris Plaza, New Ulisesfort",33.8989,159.557,8,268,272,69
273,3,30,"13045 Maple Road, Port Hassan","4739 Liberty Street, New Braunfels",71.5304,-85.9294,8,269,273,117
274,6,38,"780 Georgette Square, Fort Eldora","1293 Park Place, Port Margarett",-40.8423,41.2673,48,270,274,43
275,10,33,"21690 Abbott Cape, Arden-Arcade","35827 Hintz Corners, Adolfboro",-15.6143,-142.713,22,271,275,154
276,8,27,"2998 Forest Avenue, South Davin","20422 Ash Street, East Julie",-15.2143,-76.1055,33,272,276,53
277,2,45,"883 Kunde Loop, Carmichael","9207 Rosalia Common, Willmschester",-48.1571,-32.2359,37,273,277,155
278,10,33,"87088 Breanna Row, North Cheyanne","601 Zboncak Heights, South Lila",-70.441,-84.0211,5,163,278,156
279,1,18,"308 E 6th Avenue, Lake Destiney","359 Fisher Tunnel, Nelsboro",-39.4949,40.3105,43,274,279,157
280,4,44,"4212 Brown Drives, Lake Alexandre","68021 Era Union, New Porter",-34.5961,132.19,45,275,280,158
281,7,41,"40117 Olga Divide, Florissant","7770 Juwan Turnpike, South Lazaroboro",-60.5744,-138.454,22,276,281,70
282,5,10,"49310 W Bridge Street, Homestead","452 Swift Unions, East Beverlyfield",-12.3546,-160.821,9,277,282,40
283,7,46,"89429 Madeline Circles, Fullerton","2600 Krystal Expressway, Fort Leila",84.7335,-12.7355,1,278,283,159
284,2,34,"4709 Brown Mall, Port Santa","5826 Olson Extensions, Fort Josefafield",-24.1641,119.401,35,279,284,105
285,9,47,"5309 Reilly Mall, North Yasmineburgh","664 The Croft, Metzfield",-52.3438,113.003,30,280,285,38
286,9,20,"5619 Lester Spurs, Fontana","421 W 2nd Street, Greenwood",64.2202,157.535,49,281,286,25
287,1,24,"542 Renner Harbor, North Lilyworth","456 Fairfield Road, Pansyburgh",71.5489,145.456,13,282,287,142
288,8,21,"9273 Rohan Bypass, Tracy","8894 Alexandria Glen, Orland Park",-8.9749,135.6,45,283,288,40
289,4,21,"406 W Walnut Street, South Gregtown","75976 W 1st Street, West Matildaburgh",-2.1753,30.2031,30,284,289,117
290,5,29,"475 Westfield Road, Gleichnerbury","4765 Ruecker Lakes, Rosalynside",-52.5488,-134.275,9,285,290,23
291,4,16,"8823 Carson Flats, Lake Melisa","2240 The Glebe, New Oma",21.7549,29.8363,20,286,291,53
292,10,34,"5971 Windermere Road, Coconut Creek","92394 E Washington Street, Rowestead",-70.4427,-169.668,50,287,292,147
293,5,33,"3916 Cliff Road, Deeside","2242 State Street, West Janiechester",28.1823,-144.42,35,288,293,119
294,1,43,"8384 Gertrude Station, Arnulfoworth","6644 S 3rd Street, Onafort",-25.9061,94.9305,19,289,294,68
295,5,37,"386 Jordon Keys, Hudsonstad","1516 Runte Lake, Carterside",-22.1994,-152.638,17,290,295,160
296,1,31,"347 Lincoln Street, Bergeworth","495 McGlynn Divide, East Kevinfield",43.3857,-17.6133,41,291,296,161
297,5,37,"60388 Steuber Point, New Laverna","16872 Pablo Harbor, Chadville",86.3698,81.4952,37,292,297,95
298,1,13,"364 Alma Street, Alvertaland","6874 Orn Street, Purdyshire",-68.8053,-25.3485,27,293,298,162
299,1,24,"406 The Paddock, Ankeny","1466 Adonis Creek, Peteport",-89.6615,137.831,32,294,299,46
300,3,20,"98494 Dare Cliffs, Oakland Park","6142 W 12th Street, Fort Raymundoboro",-69.713,-12.1964,36,295,300,15
301,3,44,"51476 Ferry Road, Collierville","82774 Feest Spurs, Lake Rogelio",15.782,-97.3264,36,296,301,163
302,9,30,"49246 The Green, Rogahnbury","235 Murazik Greens, East Elza",29.4419,54.1193,27,297,302,164
303,6,41,"2437 Lehner Fork, West Eliane","3965 Hudson Dale, Idellburgh",87.7794,115.696,25,298,303,23
304,3,7,"425 Hegmann Valleys, Oak Lawn","3432 Meadow Close, Schusterton",-15.0832,171.941,25,299,304,129
305,4,44,"78383 Bosco Turnpike, Fairfield","6839 Everardo Union, South Esmeralda",-75.4887,-26.6573,38,300,305,79
306,8,41,"531 S State Street, Lake Birdieberg","25599 Crist Plain, East Jeromeview",74.749,-155.305,45,301,306,54
307,5,8,"350 Camden Lodge, Heaneyboro","777 Green Street, Gleasonville",-10.5127,141.195,36,302,307,24
308,7,4,"22012 Devin Mall, East Alexandrineshire","2853 Bailey Motorway, Wolffurt",49.3845,10.3039,25,303,308,165
309,5,9,"613 Asha Valley, South Haskellfort","33174 Sanford Canyon, Port Neva",89.5435,-58.7912,18,304,309,166
310,7,40,"93756 Magnolia Harbor, Morrisburgh","9724 Bramley Close, Melynaburgh",-33.5327,66.543,1,305,310,34
311,4,45,"44988 Kingsway, South Jaleel","786 Metz Ferry, Freeport",-48.1661,-161.285,29,137,311,167
312,5,22,"82131 Albert Road, North Fleta","233 Gorczany Highway, Nolanstad",-57.0156,104.149,6,306,312,51
313,3,48,"6890 Veterans Memorial Drive, Gutmannburgh","2446 Mill Street, Lake Gregoria",-44.8394,-178.421,23,307,313,168
314,10,34,"450 Sydni Court, Rosenbaumbury","7770 Borer Creek, North Elmoreport",24.2542,-117.78,21,308,314,169
315,10,20,"29332 Goldner Route, Barrowston","9661 Burnice Underpass, Kearny",-48.4593,-176.721,44,309,315,36
316,7,33,"44347 Boyd Parks, Tracy","34731 Mortimer Ranch, Lauderhill",-89.1933,6.2272,42,310,316,88
317,10,17,"3259 Cade Ridges, Hermistonfort","212 Railroad Street, Whittier",69.289,-92.3533,20,311,317,170
318,6,12,"2904 Skiles Station, Turcottebury","56773 S 4th Street, Humbertoborough",-80.6115,41.7678,18,312,318,171
319,4,42,"9660 Demario Road, New Corrineport","58358 Magali Brooks, Des Plaines",64.9443,-83.5208,20,313,319,57
320,8,15,"90024 Veterans Memorial Highway, Rathtown","25271 Huel Island, West Mellie",-69.9886,20.2235,27,314,320,16
321,10,44,"8544 Cemetery Road, Christophermouth","79899 Albany Road, Jonesboro",64.308,-65.0634,38,315,321,172
322,9,16,"49109 Cavendish Road, Los Angeles","11466 Meghan Rapids, Kuhicville",84.5816,155.774,4,316,322,130
323,6,35,"982 Wellington Street, Faheyland","88397 Atlantic Avenue, West Noelia",4.5721,-111.816,45,317,323,56
324,1,3,"31606 Roob Gateway, Sauerbury","691 Lucio Meadow, Uliseschester",19.3223,-56.5909,18,318,324,137
325,6,4,"94382 Dawn Plain, Lake Aletha","125 Leonor Mills, New Stellaton",-14.9644,110.736,28,319,325,50
326,6,18,"107 Woodlands, West Elliott","2828 Nathanial Shores, Mariamfort",66.2391,32.8212,32,320,326,173
327,6,15,"272 Fay Rapids, Armanichester","8306 Priory Close, Port Samanthachester",-63.2184,-104.737,9,321,327,174
328,2,16,"26553 Mills Extension, Compton","4032 Cheyenne Expressway, Hansenchester",83.6823,-165.927,4,322,328,175
329,5,34,"223 Esther Tunnel, Baltimore","68323 Modesta Views, Marilyneside",55.7407,-15.5032,18,323,329,52
330,8,15,"389 Hansen Burgs, New Lucienne","9896 Kingfisher Close, Freidaport",80.3038,94.9877,40,324,330,126
331,1,40,"99985 Stanton Fork, North Vickiestad","48347 Lime Grove, West Lisandrohaven",58.415,159.708,48,325,331,62
332,8,42,"39628 Lacy Viaduct, East Connerfurt","2183 Gerhold Throughway, Fort Liamside",-36.0804,-85.4842,33,326,332,113
333,3,45,"2527 The Coppice, Angelhaven","387 Market Place, Ashburn",-88.8868,-18.484,4,327,333,176
334,2,31,"337 Baker Street, West Emely","161 Bridge Road, Keonstead",-14.8854,-165.647,40,328,334,92
335,3,37,"70498 Northfield Road, Dachshire","28325 Trantow River, Lailacester",-39.4426,131.109,42,329,335,52
336,7,39,"9453 Prospect Road, Niagara Falls","9303 Kshlerin Common, Sawaynberg",-8.2536,17.9791,29,330,336,165
337,10,11,"1672 East Street, San Jose","566 George Street, South Hattie",23.0139,82.4756,42,331,337,177
338,7,46,"2110 Bahringer Extensions, Friesencester","8430 Eldridge Mall, Reeseland",26.5328,-121.24,3,332,338,178
339,4,25,"25906 3rd Street, South Kendallshire","4482 Clarendon Road, South Augustineboro",-89.7829,-6.2833,31,333,339,123
340,8,8,"96092 Poplar Close, O'Konchester","766 Laurine Crest, North Cierra",2.7354,167.928,15,334,340,75
341,5,16,"5935 Koepp Port, West Zachery","6351 Fisher Inlet, Edgarstead",-16.4988,-172.605,17,335,341,107
342,3,39,"1571 N Poplar Street, Fort Smith","3275 Stuart Landing, Berwyn",-80.8984,-123.546,21,336,342,179
343,9,23,"7036 Anahi Run, Altenwerthshire","93462 Johnny Way, Marcborough",22.6516,52.6873,16,337,343,90
344,2,23,"7287 Prudence Field, Kenyontown","548 Terrence Lights, South Florianside",81.8535,-71.8321,25,338,344,123
345,5,41,"867 Alba Flat, Weimannstead","423 Nickolas Route, Davisfield",1.2802,-105.788,49,339,345,47
346,5,7,"651 Parisian Locks, Westminster","2416 O'Conner Brooks, Nickview",-79.2843,142.328,23,340,346,164
347,10,21,"223 Beech Drive, Frederick","2778 VonRueden Vista, Livermore",-50.5786,-121.843,4,341,347,180
348,5,45,"5395 Oxford Road, Killeen","969 Joesph Spurs, Zeldaville",74.8821,153.318,17,342,348,134
349,4,49,"5881 Park View, Bartlett","837 Orn Falls, Fort Minnie",33.9526,164.124,47,343,349,181
350,9,33,"66606 Tremaine Trail, Altenwerthborough","735 Fanny Corners, Runolfssonport",77.4363,-2.4071,6,344,350,134
351,7,32,"655 Brett Spurs, Welchport","3077 Sedrick Mews, Conway",-42.8957,44.6585,36,345,351,182
352,4,34,"600 Ortiz Groves, South Blaiseburgh","35324 W High Street, Labadiecester",-55.6772,25.2349,39,346,352,22
353,8,34,"112 Aiden Turnpike, West Caroline","712 Hall Lane, Champlinside",-35.328,160.917,29,347,353,10
354,7,37,"7403 Balistreri Turnpike, New Baylee","674 W Oak Street, Streichhaven",54.2608,19.6221,15,348,354,183
355,4,14,"38095 Stephan Centers, Port Kristianburgh","5790 Claude Corner, New Brunswick",-7.6016,-49.9389,32,349,355,55
356,7,6,"14286 N Union Street, Dustinfurt","6189 Hilton Spur, West Isadore",-15.7086,176.132,28,350,356,40
357,9,25,"883 Market Square, Fort Stephan","7915 McClure Underpass, Fort Dustin",-84.4552,-17.7812,2,351,357,128
358,10,8,"406 S College Street, Katelinland","30771 College Street, Cathedral City",82.4324,-74.8634,22,352,358,75
359,7,13,"2725 Chapel Road, Lizethboro","444 Judge Drive, Roweworth",83.9737,-165.348,45,353,359,184
360,4,33,"37734 Fred Avenue, Bloomington","18734 Ora Flat, Bashirianfurt",-74.3637,123.292,8,354,360,185
361,4,43,"22392 Price Gardens, Brucemouth","720 Ernser Fort, Hauckport",-56.2247,71.6664,35,355,361,122
362,1,33,"751 Jacobson Rest, Sunrise","226 DuBuque Curve, South Aurelie",30.7207,-29.5109,29,356,362,164
363,9,16,"480 Cummings Union, Gaithersburg","3002 Willow Grove, South Murraybury",0.7579,-20.8898,27,357,363,71
364,1,44,"8124 Station Street, Somerville","5880 Milton Street, Yuma",-18.6942,46.12,48,358,364,186
365,8,49,"511 Serenity Valleys, D'Amoreside","46128 Kuhic Center, Port Blaisestead",32.7822,-48.3097,11,359,365,187
366,7,11,"4112 Wunsch Well, Fort Candaceshire","166 Ferry Road, New Dewitt",36.5768,-23.1127,38,360,366,30
367,2,36,"4664 S 14th Street, West Osvaldo","43397 Frankie Path, East Reidfield",-40.4261,149.97,2,361,367,130
368,7,39,"17790 Victor Trafficway, Alvaberg","220 Well Lane, Calliefield",87.0101,82.6093,5,362,368,92
369,4,43,"374 Beryl Mill, Haverhill","38962 Laurie Estates, Zulauffurt",10.8626,-124.895,44,363,369,118
370,1,49,"61646 West Path, Lake Kianashire","3675 Madison Street, South Nelle",58.1519,110.349,12,364,370,156
371,6,9,"560 Colten Route, Franklin","67340 Laisha Parkway, Haverhill",44.0361,29.5903,50,365,371,10
372,8,31,"11413 Ernser Stream, Bergstromworth","19180 Hickle Views, North Charleston",-9.5788,-2.5314,41,366,372,180
373,5,20,"89720 Bernice Manor, Kuhicchester","68953 Veda Center, Shieldston",79.9851,-85.9342,44,367,373,146
374,4,29,"6002 W 4th Avenue, South Hyman","84498 Harrison Avenue, Rockford",-85.5006,-20.1264,1,368,374,137
375,2,38,"9340 Pattie Avenue, West Moniqueview","6971 Streich Passage, Gislasonburgh",70.6277,61.3153,22,369,375,188
376,6,23,"7468 Pfeffer Cape, Fort Katelin","1109 Breanna Run, West New York",44.8675,-2.4211,50,370,376,189
377,4,28,"7598 Jones Course, Fargo","84987 Willow Street, Apex",54.2589,-72.4819,39,371,377,154
378,8,12,"73715 Dorothea Summit, West Covina","304 W Washington Street, Raeganmouth",-66.1779,-154.625,38,372,378,106
379,6,12,"971 Jenkins Wells, Bruenboro","14948 Fourth Avenue, Plymouth",13.5995,-62.2033,34,373,379,190
380,8,7,"919 Keebler Overpass, Port Americaborough","5265 Leslie Cliff, Port Coty",16.8428,166.673,15,374,380,132
381,8,9,"971 N 8th Street, Cassinville","2801 Marks Drive, Janville",-6.842,43.7992,24,375,381,191
382,7,46,"61989 Durgan Summit, Jamisonboro","22220 Schuppe Island, Lake Haley",68.9293,7.9989,29,376,382,145
383,2,40,"729 Gunner View, Candidachester","8268 Kevon Vista, Port Furmanstead",24.2073,169.553,35,377,383,192
384,10,28,"912 Dena Stravenue, New Reynold","8617 W State Street, Austin",-56.3386,65.8109,28,378,384,193
385,3,40,"91854 W 6th Avenue, Mrazchester","10540 Riverside Avenue, Jessieworth",54.3929,6.3051,47,379,385,130
386,6,4,"13566 Brookside, Carrollstead","2183 Alec Flats, Fanniemouth",30.0909,-140.49,31,380,386,173
387,10,30,"1606 Stiedemann Bridge, Hodkiewiczville","5939 W Division Street, West Katlyn",84.0247,106.462,42,381,387,194
388,7,25,"26253 Manor Gardens, Yostfield","2947 Highfield Close, Robelborough",-68.784,125.61,8,382,388,151
389,6,45,"919 Harrison Street, Finnside","99190 University Drive, Fritschport",-86.1534,-58.2263,37,383,389,69
390,5,23,"8881 Nitzsche Street, Sporerburgh","440 Oxford Street, Port Fayboro",-15.22,165.445,9,384,390,195
391,4,36,"64209 Oberbrunner Flat, Fort Wilhelmborough","62077 Johnson Pass, Danialshire",0.2211,43.5754,33,385,391,196
392,9,4,"7125 Lubowitz Ridge, Pierceshire","3352 Jaleel Pines, Legrosland",-65.009,92.6914,20,386,392,29
393,10,15,"54624 Silver Street, East Juliusport","88847 O'Kon Plains, Kalamazoo",-63.5426,-12.0965,4,387,393,103
394,4,27,"4913 Meadow Lane, New Jackson","262 3rd Avenue, North Dovie",-51.9895,-155.028,12,388,394,23
395,7,13,"78190 Sporer Shores, West Brycehaven","1527 Johnston Forges, Ankundingport",77.982,-118.735,11,389,395,74
396,10,29,"98678 Kreiger Points, South Dusty","99974 12th Street, East Morton",-51.3878,-116.236,12,390,396,130
397,3,41,"6481 Jermain Locks, Lafayettecester","9835 Krajcik Freeway, Port Doris",-19.3538,136.952,6,391,397,13
398,7,50,"32633 Fahey Keys, Michealshire","830 Hillside Avenue, South Aubreeview",82.15,-157.655,37,392,398,57
399,4,10,"46186 Fairfield Road, Wintheiserhaven","55955 Eddie Alley, South Ciaraboro",30.2316,-77.4488,39,393,399,197
400,9,12,"88494 Angelina Square, La Crosse","3156 Low Road, Carmellashire",50.5916,-57.0928,39,394,400,122
401,8,36,"67422 Farrell Villages, Baton Rouge","929 Baker Street, Port Jaycestead",-49.4683,20.7381,45,395,401,7
402,9,21,"6692 Doyle Harbor, South Gate","7180 N Broad Street, South Bret",49.2476,-10.3486,24,396,402,20
403,9,5,"197 Marlborough Road, Ginoberg","836 Selena Motorway, Monserratstad",45.2545,-26.6186,4,397,403,129
404,10,9,"889 Madisen Pine, Pleasanton","88011 Kian Rest, Minot",78.408,-153.241,3,398,404,86
405,3,9,"472 W Park Street, Alyssonville","47576 Rogahn Lodge, Fort Alvertaworth",74.5255,-175.977,31,399,405,166
406,10,9,"95928 Bella Flats, East Emeliehaven","98968 Rocky Common, Port Jeromebury",42.2452,-26.905,15,400,406,198
407,7,39,"996 Batz Junctions, Lake Generalton","574 Hoeger Flats, Lompoc",-0.1315,139.296,31,401,407,199
408,10,22,"5472 Alyson Parkways, Hermistonstead","9980 Kent Road, Rickton",16.8218,96.8736,14,402,408,126
409,3,7,"61050 Norma Oval, South Julienton","552 Bridge Street, East Deja",-51.5572,-62.0401,42,336,409,200
410,5,30,"5187 The Square, South Brauliohaven","46662 Milton Stream, North Samson",81.4886,-121.52,43,403,410,192
411,4,3,"22008 Mill Street, Lakewood","72187 Toy Row, North Deionfurt",24.3246,-120.689,37,404,411,159
412,9,36,"283 Anderson Haven, Rosston","4735 Efrain Motorway, Lake Antonietta",45.4931,-148.706,24,405,412,201
413,6,19,"92583 Schuyler Port, Dibberttown","58592 Heaney Crossing, Mesquite",1.5461,-101.745,6,406,413,168
414,6,25,"5865 Manor Way, Kuhicton","19624 Kris Corner, Earnestport",-88.2834,-67.1168,46,345,414,146
415,8,21,"1516 Erica Mountains, Lake Tobystead","97607 Spring Gardens, Titusville",9.5536,-158.474,36,407,415,169
416,4,33,"805 Baker Street, Rialto","892 The Spinney, Buffalo",-74.1887,2.2879,18,159,416,152
417,2,45,"916 S Division Street, West Godfrey","445 Main Street E, Smithfurt",85.8154,28.9774,47,408,417,86
418,3,41,"10541 Fritsch Bridge, Heathcotehaven","96258 Shanahan Camp, Port Stephon",-25.6336,-9.2494,49,409,418,7
419,1,19,"47360 W Monroe Street, Karlistad","43264 Fore Street, New Melissa",41.7977,-3.2158,22,410,419,37
420,5,16,"6353 Clarendon Road, North Richland Hills","5369 Reilly Harbors, East Albertafort",-66.4015,-56.5813,46,411,420,184
421,3,9,"750 Claude River, Port Herminio","61705 Clark Street, Katelinfort",84.8155,46.8828,39,412,421,202
422,3,10,"8302 Ziemann Spurs, New Amely","40739 Rice Court, Rocklin",-39.0318,97.329,32,413,422,105
423,10,17,"30482 Meadow Drive, Fort Stacymouth","6312 Hulda Oval, Reynoldsworth",-0.5819,19.7672,27,414,423,77
424,4,25,"91922 Ebba Valley, Torpbury","162 Trinity Road, Port Estevanstead",-52.7746,137.36,4,415,424,42
425,9,20,"2127 Kessler Creek, West Emilystad","298 W Franklin Street, Palo Alto",-58.7275,-31.7932,4,416,425,201
426,9,4,"87217 Wuckert Unions, Waylonview","811 N Court Street, Giovannyboro",-31.1494,105.198,9,417,426,21
427,9,7,"851 Franz Parkway, Fort Shaynastead","4976 Edison Junction, Predovicborough",51.2769,-84.7103,29,418,427,6
428,7,41,"8369 Yundt Corner, Erikahaven","617 Heaney Rest, Kearny",21.7469,142.335,24,419,428,179
429,7,21,"25963 Afton Green, Omaha","875 Clarendon Road, Fort Franz",22.9877,139.829,14,420,429,203
430,8,38,"314 Lincoln Street, Kassulkeworth","330 Streich Radial, South Geraldine",79.0742,19.3057,39,421,430,12
431,5,6,"186 Michaela Valley, Port Karsonport","4875 Cedar Road, Lake Goldaborough",7.0875,164.593,48,422,431,204
432,10,34,"11301 Old Lane, Vineland","92501 Mill Street, Jonesfurt",-86.872,137.897,8,423,432,146
433,6,10,"4837 Beier Pines, Mariettamouth","8768 Marks Flats, Fort Noahboro",-73.0359,116.287,22,424,433,73
434,9,35,"96094 W Elm Street, Rafaelborough","870 N Pearl Street, West Ethastad",-68.6398,-57.9016,10,425,434,205
435,10,16,"68050 E Washington Avenue, Fort Stan","2052 Barrows Plaza, West Kennyhaven",72.5406,58.0814,40,426,435,196
436,4,28,"87011 Elva Ford, South Elnoraport","551 Katlynn Stravenue, North Krystinastead",8.9077,77.2142,20,427,436,149
437,6,45,"7853 Commerce Street, East Bethelstad","3185 Schmeler Forges, Kellieview",-27.9921,-128.638,20,428,437,39
438,10,26,"11880 Jamir Plain, Lake Camillafort","798 E Water Street, West Pink",35.9178,-172.993,43,429,438,18
439,6,9,"74586 Cormier Club, Lake Aileen","47452 E 4th Street, Collinsport",46.8969,142.399,20,430,439,206
440,2,7,"55904 Heath Road, Calebchester","49583 Church View, Lake Montebury",-75.8042,179.014,18,431,440,20
441,5,17,"514 Watsica Lights, Port Bianka","20791 Prospect Road, Aureliechester",61.6983,3.3515,22,432,441,33
442,5,23,"99331 New Street, Haaghaven","92227 Jailyn Gardens, Skilesbury",-7.6688,-93.8974,35,433,442,14
443,2,37,"24024 Birch Close, West Eda","6888 Grange Avenue, Lake Abbigailtown",78.0619,-157.9,40,434,443,177
444,1,50,"6930 Maxwell Crescent, Pocatello","8221 Center Avenue, Elsashire",45.3682,98.8924,50,435,444,2
445,1,49,"633 Zane Cape, Elysestad","4770 Clyde Overpass, Kutchshire",66.1335,11.1646,1,436,445,207
446,1,12,"59809 Balistreri Points, Fort Vicenta","249 Spruce Street, West Ronnyborough",29.1819,162.936,7,437,446,43
447,10,11,"1525 Cambridge Street, New Connorbury","8394 Post Road, Port Jeromystead",61.8034,-12.6633,18,438,447,207
448,5,31,"89556 Kianna Forge, Sierracester","7270 12th Street, East Dudleyberg",44.2265,53.5004,39,439,448,120
449,9,25,"9986 Evans Oval, East Alizaburgh","620 Western Road, Port Price",-70.2702,144.79,21,440,449,95
450,8,15,"484 Providenci Centers, Janaestad","8039 Woodlands Close, Fort Onie",84.844,46.1445,34,441,450,163
451,8,15,"3763 Park Place, South Alford","7786 Bednar Ford, South Bend",-21.6927,-86.066,17,442,451,104
452,5,38,"9715 The Dell, Sadyestead","4966 Brandi Wall, Emanuelfield",-35.591,157.282,34,443,452,6
453,1,25,"90218 Rice Curve, Kossshire","51941 Wyman Turnpike, Port Parisberg",21.6801,136.871,27,444,453,65
454,9,50,"8896 Halvorson Hills, Midland","6580 Wehner Radial, Port Marilyneberg",-48.4387,121.147,40,445,454,156
455,9,18,"8268 Leann Garden, Rasheedburgh","145 S 7th Street, West Alivia",-73.1715,-87.1011,43,446,455,8
456,1,42,"646 King Street, Lake Arnoldoboro","713 Cumberland Street, Port Delilahfield",-51.4789,142.675,27,447,456,208
457,3,38,"33594 Estrella Forest, Lake Earlene","7841 E Walnut Street, Stanleyland",60.7815,64.2439,16,448,457,193
458,3,37,"63323 Aletha Via, Blockside","341 Broadway Street, Torpbury",84.5067,77.3119,12,449,458,49
459,3,2,"7467 Kellen Viaduct, Southfield","1290 S Division Street, North Winstonside",52.0214,-98.6997,36,450,459,88
460,6,15,"5741 The Oval, South Christop","39387 Flatley Via, Monterey Park",-4.0336,26.4458,13,213,460,143
461,2,11,"5272 Albion Street, Lawrence","3888 Jayme Lake, Manhattan",-30.2328,9.6535,24,451,461,133
462,2,31,"588 Holly Close, Port Isidro","223 Green Close, Fort Otiliastead",1.4824,178.058,44,452,462,202
463,3,43,"28484 Electa Ridges, Apple Valley","903 10th Street, Fisherside",-60.714,27.004,43,453,463,27
464,2,38,"58616 Hessel Trace, North Carolynefield","556 Barton Branch, High Point",-86.7273,-148.431,25,454,464,131
465,1,37,"5204 Balistreri Rapid, New Rebeka","7667 Erick Pine, Corwinchester",6.1802,-37.2193,12,455,465,144
466,9,4,"778 South Drive, East Joshuah","930 E Bridge Street, New Roscoetown",46.8086,98.9951,43,456,466,51
467,3,24,"5908 Kim Groves, South Kailee","8681 Timmothy Rue, Corvallis",65.0839,-133.232,30,457,467,149
468,9,24,"451 Carter Stream, Hammescester","8420 Jast Dale, Roseview",43.4316,-88.8294,6,458,468,89
469,7,41,"73545 Spring Street, Hamilton","416 Hoeger Valleys, Leannonfield",68.376,88.023,31,459,469,102
470,5,5,"52887 Kody Tunnel, Hermanview","676 West View, East Nyasia",-26.5523,19.0481,14,460,470,207
471,1,28,"721 Friesen Dale, Albaborough","27750 N Poplar Street, Cassinview",63.4835,-149.85,14,461,471,149
472,4,46,"91113 Cooper Center, Rosarioborough","629 Castle Lane, Wizastead",36.2403,86.3959,10,462,472,200
473,8,44,"330 16th Street, Elianehaven","960 Brennon Knoll, Douglasworth",-1.0006,-95.8246,49,463,473,50
474,10,6,"85233 Trantow Gardens, North Cierra","6372 Dach Plain, Tuscaloosa",-88.7449,132.411,34,464,474,11
475,4,21,"7272 The Maltings, Ferminstead","3030 Atlantic Avenue, Warren",63.4403,-117.504,18,465,475,209
476,6,7,"91346 Grant Course, East Melody","84988 Jazlyn Groves, Lubbock",-59.2007,97.1105,48,466,476,210
477,9,20,"1035 S Union Street, East Wilfredberg","21376 Boehm Brooks, Dedricfield",-52.4028,-37.98,49,467,477,200
478,8,20,"1980 Ratke Fall, Port River","7028 Stehr Fort, Fritzberg",-4.421,171.75,9,468,478,211
479,1,22,"8834 Waterside, Mateoton","52187 Connelly Stravenue, Fort Baby",-58.9478,143.527,21,469,479,212
480,8,17,"6769 Padberg Cliffs, Fort Mona","6293 Jillian Route, Priscillabury",71.8599,123.534,12,470,480,82
481,7,50,"54853 Lang Coves, Fort Tod","43224 Norris Mount, Schaeferborough",60.3451,10.0816,1,471,481,178
482,3,4,"2839 Gleason Stream, West Rodolfofield","696 Elm Road, South Willardland",42.3644,11.045,48,472,482,61
483,4,8,"377 Luis Flats, Port Alisha","58305 E 14th Street, Watsicaton",67.9884,-172.805,41,473,483,213
484,8,29,"29702 Alvina Place, Claudeville","645 Kayla Key, Plantation",76.5711,-101.308,4,474,484,1
485,1,19,"11371 Koss Springs, New Rosalynfurt","34876 Oak Drive, Caguas",53.7462,111.793,48,475,485,160
486,5,50,"2499 Bernier Pass, East Jarret","160 Emard Crescent, North Newtonborough",-46.0315,177.124,8,476,486,93
487,2,7,"569 Donnelly Glens, Earnestboro","62151 S Park Street, Fort Graciela",33.6742,-141.952,45,477,487,214
488,7,23,"68995 Hershel Coves, Stantonchester","532 Reva Common, Harlingen",18.9573,52.1987,38,478,488,215
489,3,16,"359 Gisselle Greens, East Clarkfort","33904 Beatty Causeway, Fritschside",-14.3758,36.9864,4,479,489,134
490,7,31,"61901 Farm Close, Cameronside","408 Ashlee Manors, East Dallinville",69.2143,-146.954,25,480,490,200
491,7,8,"764 Griffin Brook, Boehmshire","464 Kamille Stravenue, North Imelda",-42.8443,-178.469,41,481,491,216
492,10,2,"749 Buckridge Mount, Fort Austyn","8734 Marisa Landing, South Kaliport",26.8405,-122.412,24,259,492,129
493,8,1,"584 Birch Grove, West Daxland","1576 Pleasant Street, Krisworth",31.8438,173.123,1,482,493,217
494,4,49,"3008 E Walnut Street, Hardyville","26141 Orn Springs, Fort Aaron",-45.3964,162.334,50,483,494,98
495,1,25,"67525 Rutherford Pine, Mayfort","7717 Third Street, North Rextown",-58.7704,70.4312,3,484,495,121
496,2,12,"80360 King Keys, Thompsonfort","53989 Lake Road, Lake Jazmynworth",-6.2004,-61.6713,29,485,496,186
497,9,11,"1290 Barton Road, Noahberg","28357 Jalyn Pines, Ferntown",11.7553,82.9087,36,486,497,157
498,4,13,"843 Sydnee Avenue, Wunschview","6495 Jakubowski Rapid, East Kristoffer",54.2833,161.445,43,487,498,218
499,7,26,"6412 Roberts Prairie, Sporerberg","941 Highfield Road, Mollyview",35.7126,162.516,25,193,499,96
500,9,5,"976 Garden Close, North Clydechester","7623 Meadow Drive, East Anafurt",-80.0216,-131.57,6,488,500,133
501,7,15,"4371 Block Garden, South Valley","264 Verla Green, New Elsiefurt",16.9502,-13.89,27,489,501,209
502,7,36,"136 Nienow Crossing, The Villages","49835 Ash Road, Johnsville",11.8081,-172.378,35,490,502,6
503,6,2,"2749 The Crescent, Robertsfort","9606 Juniper Close, East Liliana",22.6868,-145.66,1,491,503,219
504,4,16,"875 Reichert Harbor, Fridaburgh","45355 Jamison Mill, Lysannechester",-9.1357,89.7246,25,492,504,174
505,5,28,"196 St Mary's Road, Port Maurine","5374 Stehr Extension, Sadyetown",-49.2315,-108.122,14,493,505,79
506,9,13,"3613 Ethyl Shore, Howestead","15399 Trent Estate, New Jovanny",-30.1152,-152.426,47,494,506,32
507,1,11,"5027 Rosenbaum Branch, Alameda","576 Veum Via, East Myracester",-23.2821,-87.6804,47,495,507,84
508,9,49,"6621 Grimes Haven, South Esteban","84554 Glover Crescent, Homestead",35.5802,77.6677,19,496,508,136
509,9,16,"970 Bernier Loaf, Lake Isacberg","57563 Jennie Green, West Cloydmouth",89.8538,97.4434,21,497,509,9
510,9,37,"8137 Maple Close, South Guillermoton","15767 Kuhic Brooks, South Cyrilmouth",35.9246,-53.0114,28,498,510,4
511,10,30,"5263 Beech Road, Keanuton","1991 Fae Ridges, Bruenstad",-39.3614,-93.0659,30,499,511,67
512,5,28,"179 Waters Avenue, Port Torreyside","2586 Lake Drive, Carlsbad",-12.8262,177.869,23,500,512,165
513,8,16,"156 Westgate, San Diego","349 Clark Street, Lake Lucieport",-62.1086,-132.517,45,501,513,90
514,8,33,"9692 Hazel Close, Lake Georgianna","2297 Highfield Road, Osbaldocester",-87.7003,-41.2816,27,502,514,192
515,7,18,"49194 Fritsch Branch, North Deondrefield","67961 W Walnut Street, Lake Lisandroport",-1.4824,79.5243,46,503,515,72
516,2,27,"2085 Kuvalis Divide, New Isaiahville","65251 Larissa Bridge, Waltertown",73.2119,-110.76,14,504,516,215
517,8,35,"755 S Pine Street, Batzport","6558 Elm Road, Lesliefurt",-81.7665,37.7335,43,505,517,95
518,10,40,"84941 Cavendish Road, Daishafurt","7662 W 14th Street, Hauckshire",29.7547,179.797,3,506,518,183
519,9,15,"257 Willow Drive, Kossville","9752 Jeremy Pass, Ianfield",6.3494,-99.448,27,507,519,126
520,3,46,"2858 Linnie Path, Fort Barbaraport","828 Mylene Terrace, New Davin",82.93,144.259,37,508,520,220
521,1,41,"922 3rd Street, Cartwrighttown","22739 Simonis Pike, Trantowfort",68.3925,-31.4157,9,509,521,109
522,9,3,"3065 Cartwright Lane, Lexieworth","9844 Bonita Shoal, Johnstonburgh",1.8869,-47.0738,16,510,522,220
523,3,20,"709 Presley Roads, North Caleighbury","6923 Ilene Extensions, Davisview",24.6699,-60.2994,16,511,523,86
524,1,33,"5362 Ericka Ports, Jakubowskiberg","64979 Ozella Junction, Altaworth",64.0053,-87.1713,40,512,524,155
525,3,46,"6551 Pauline Loop, Dibbertfurt","5747 Carter Branch, Mayraboro",-49.743,163.142,8,513,525,107
526,2,41,"5485 S Jackson Street, Fort Brendan","531 Woodland Road, Lake Gabriel",-50.3646,171.706,43,514,526,148
527,5,6,"74660 Pinfold Lane, Rippinstead","436 N 5th Street, Lake Lilyside",69.0736,143.644,49,515,527,104
528,5,23,"27358 Donnelly Course, West Elinorehaven","13886 Newell Branch, East Kadinbury",-74.2923,-77.8973,19,516,528,214
529,4,16,"9029 Church Avenue, Spencerland","1664 Dorothea Hills, East Phoebeton",-5.5391,157.921,46,517,529,141
530,1,42,"8692 Post Road, West Leila","69964 Kessler Canyon, South Augustusland",20.8974,84.1413,48,518,530,174
531,7,34,"200 Marks Spring, Hammond","65442 Oakfield Road, Fort Chanelfield",-59.8839,49.3343,43,519,531,170
532,4,18,"870 Chapel Road, Irvine","8008 Cross Street, Stehrboro",-48.8616,-53.9258,41,520,532,221
533,6,33,"97366 Prosacco Mountains, South Tony","3625 Jayden Underpass, Sheastead",-24.9559,88.3063,39,521,533,163
534,5,21,"402 Hazel Grove, Walnut Creek","3134 Dietrich Plains, San Francisco",-52.4213,92.0181,4,522,534,145
535,5,1,"92478 Mozell Radial, New Erynworth","159 Grange Close, Constantinboro",-23.6432,178.086,14,523,535,222
536,9,25,"59233 N 1st Street, Madison","52434 Walsh Locks, West Olafburgh",55.0834,156.887,30,524,536,32
537,6,47,"500 Lyric Orchard, Fort Kennedi","58874 Filomena Plains, Pascaletown",-71.3325,-91.8375,1,525,537,210
538,10,9,"413 Allen Branch, Lake Skylar","8270 Ida Field, Altenwerthborough",8.3544,18.1805,40,526,538,177
539,7,45,"675 Wunsch Lock, Port Elverahaven","500 Braun Forges, Carsonstad",-81.1665,93.082,48,527,539,87
540,7,9,"66913 Brent Extension, Bettyeshire","8446 Kemmer Mission, Havenside",-18.4589,-179.877,29,528,540,198
541,1,41,"26622 Claudine Courts, Jerdetown","6964 Jameson Circles, Kaylietown",-36.9649,-77.9039,26,529,541,89
542,3,48,"32731 Faustino Forest, Klingstad","383 Lafayette Street, Lancecester",7.7792,-16.9672,21,530,542,149
543,1,11,"6738 Mosciski Lakes, South Adelinechester","477 Rod Walk, Hoover",32.7754,59.5808,36,531,543,58
544,6,33,"423 Paucek View, Hermanbury","9608 Kautzer Club, Julianneside",-79.9226,-145.446,29,63,544,69
545,2,33,"799 Missouri Flat, Hillaryworth","4021 Grove Street, Dickichester",28.9086,16.8919,3,532,545,117
546,7,3,"6303 Sydni Court, Milpitas","563 S Union Street, McKinney",62.2659,104.586,34,533,546,110
547,6,13,"9590 Makenzie Club, Fort Faustinomouth","59693 Court Street, Fayshire",66.1347,-175.697,4,534,547,14
548,2,44,"86849 Feil Harbors, Lake Alford","774 Garnett Knoll, Fontana",-58.8854,-1.2848,45,535,548,88
549,10,1,"7170 Sycamore Drive, South Salvador","718 Rutherford Fall, Winfieldborough",-50.6025,54.8002,25,536,549,7
550,4,30,"11591 Bertha Ridge, Port Groverworth","5816 Hawthorn Close, Gerholdport",-13.6695,-40.0275,11,537,550,135
551,10,46,"585 Elena Groves, West Reneeberg","396 Rodrigo Tunnel, Lueilwitzchester",-41.1199,175.201,44,538,551,149
552,9,18,"89254 Elm Grove, Ocala","591 Park Crescent, Bolingbrook",81.9768,53.3326,26,539,552,41
553,1,11,"98470 Kings Highway, Romaguerastad","8906 Glover Extensions, Caleighberg",-88.4768,-114.411,22,540,553,223
554,6,44,"83899 State Road, Lilianemouth","296 Shany Canyon, Titusville",37.887,80.746,38,541,554,211
555,6,39,"40511 Lesch Street, Lake Miracleview","285 Kling Throughway, Santoscester",-80.2189,1.4,42,542,555,29
556,7,40,"1605 Schumm Ramp, Marinastead","45968 Maynard Falls, East Deja",-2.4369,-121.959,48,543,556,1
557,7,13,"809 Skyline Drive, East Maxwellside","6632 New Road, Schulistshire",-49.3587,150.449,50,544,557,9
558,7,3,"388 Richard Underpass, Fort Kayberg","711 Brook Lane, New York",-34.0411,178.175,19,436,558,87
559,2,32,"55963 Keagan Throughway, Johns Creek","7386 Charles Villages, Baytown",57.3387,-110.586,7,545,559,198
560,7,28,"841 Letha Fields, Jessiehaven","81615 Selina Divide, Sidneytown",47.2738,-178.82,7,546,560,219
561,2,44,"68045 W North Street, Burbank","424 Mitchell Freeway, South Kane",-10.217,-126.422,50,547,561,224
562,2,11,"69794 Marks Wells, Willisshire","140 Lucio Forges, Port Ceceliashire",35.9759,59.267,15,548,562,207
563,9,42,"9724 Nicolette Hill, West Janet","193 Darian Track, Breitenbergberg",-39.4148,58.0995,31,549,563,158
564,6,6,"49144 Rogahn Loop, Beavercreek","5696 Flatley Harbors, Consuelofield",-24.2648,173.848,17,550,564,175
565,4,47,"41591 N Franklin Street, Fort Rashawnboro","4003 Ward Mission, Indio",50.1518,-2.9359,45,551,565,159
566,6,3,"37412 Dejuan Meadow, North Ethelynville","72508 Lindgren Mills, North Carolinefurt",47.0395,6.8529,25,552,566,175
567,1,20,"8050 S Market Street, Tyler","746 Brakus Loop, New Leann",-57.3009,163.718,43,553,567,87
568,4,12,"8235 Trever Burg, Severn","265 Devon Ferry, East Camerontown",-59.686,168.924,5,554,568,105
569,4,12,"739 Haley Manors, Topeka","61443 London Coves, South Francesca",-7.9802,-116.098,12,555,569,136
570,5,3,"60533 Predovic Knolls, Port Savanna","955 Joe Corner, Fort Eliezer",-63.4178,161.234,46,556,570,173
571,8,4,"45114 Franklin Street, South Saul","3140 Broadway, Dangeloworth",1.7325,-10.403,30,557,571,7
572,8,41,"1939 June Prairie, Rochester Hills","26722 Wilma Hill, Franeckistead",29.9467,-90.44,10,558,572,178
573,10,24,"21467 Corwin Ville, Rancho Palos Verdes","85677 Jubilee Close, Hoegerland",53.9819,164.907,16,559,573,152
574,8,1,"48049 Bartell Stravenue, West Oma","644 Powlowski Junction, McLaughlinbury",-19.8507,-157.153,7,560,574,78
575,7,2,"7772 Gladstone Road, Karlichester","8287 S Elm Street, Kingsport",56.5089,47.4969,49,561,575,206
576,6,33,"254 Satterfield Isle, Port Thaddeus","1985 Fairfield Road, Fort Harmony",-23.5821,143.208,9,562,576,125
577,7,9,"6630 Pietro Unions, Akron","387 Nellie Stream, Callieside",42.6988,134.536,33,563,577,141
578,4,1,"25964 Benjamin Lake, Jairofield","5163 Beth Streets, Murfreesboro",49.8389,106.371,23,564,578,195
579,2,21,"4700 Washington Avenue, Hiramfort","87656 Darrick Locks, North Natfort",7.476,-74.5516,36,201,579,94
580,5,29,"564 Spinka Common, Kreigerville","122 E Church Street, North Cullen",10.8387,169.601,35,565,580,112
581,2,9,"7884 Riley Brooks, Odessa","321 Alfred Street, Tampa",57.7611,51.7622,37,566,581,225
582,2,41,"76073 St John's Road, Lancaster","26629 Park Crescent, Judebury",-29.2929,152.042,12,567,582,138
583,5,8,"943 14th Street, Lemketon","1986 Kessler Brooks, Carterboro",-65.9207,-99.4512,28,568,583,55
584,6,14,"74972 Gutmann Union, Attleboro","1082 W Broadway Avenue, South Vernercester",-21.9436,-117.302,6,569,584,135
585,2,6,"6912 Barn Close, South Brauliostad","7929 Marvin Bridge, Hyattview",88.9923,133.027,5,570,585,138
586,3,19,"20356 Witting Meadow, South Penelopefurt","960 Boundary Road, Metzton",-88.0147,-121.518,28,571,586,1
587,7,32,"2523 Davis Street, Abernathyberg","12935 Gilda Ville, Rochester",3.2706,77.6887,15,572,587,4
588,6,33,"31963 Justus Mall, South Michalebury","220 Murphy Hollow, West Jarret",27.3569,102.758,19,573,588,214
589,2,11,"49020 Dortha Stream, North Jan","42887 Renner Pass, Cathrineside",22.302,-85.7848,40,574,589,151
590,1,48,"6856 Vergie Islands, Gottliebhaven","557 Robel Mountain, North Clement",43.3831,-152.358,38,575,590,99
591,10,5,"63503 Park Crescent, O'Connellburgh","73294 Cross Street, Kautzerport",-46.9685,-21.7207,5,576,591,117
592,8,34,"205 Johnson Street, Atascocita","4949 Lorena Estates, North Gladys",10.6445,-149.097,17,577,592,226
593,5,50,"121 Larch Close, West Dejuan","792 Hansen Track, Lake Antonettebury",-42.4959,-67.5226,25,578,593,175
594,9,20,"78719 Zulauf Row, Leraboro","68796 Heron Close, South Cydney",-58.6181,133.757,19,579,594,194
595,8,14,"2537 E North Street, New Lilianeworth","8474 Amber Courts, Karlieview",44.2909,84.1442,20,580,595,19
596,4,27,"6183 Waterloo Road, East Rebecca","543 W 11th Street, Fort Miracle",18.4301,-104.548,30,581,596,87
597,8,17,"90929 Lodge Lane, Hymancester","646 General Road, West Ansel",-21.3452,176.572,36,582,597,23
598,1,29,"1483 6th Avenue, Abelardoton","65145 Watsica Walk, Lake Nat",59.3763,-58.5357,6,583,598,21
599,6,1,"4686 Misael Shores, Lake Ashtonview","79096 Citlalli Meadow, Connville",-45.8817,9.7985,46,584,599,60
600,6,16,"141 Marlin Walks, Muellerchester","66659 Keyon Union, New Rebaworth",48.862,101.3,33,585,600,17
